scene_path,object_path,active_self,components,network_transform,mesh_local_max_abs
"Assets/_Project/Scenes/BootstrapScene.unity","Inventory[1]/[InventoryWheel][0]",true,"UnityEngine.Transform;UnityEngine.UIElements.UIDocument;ProjectC.UI.Client.InventoryUI","",
"Assets/_Project/Scenes/BootstrapScene.unity","Inventory[1]/[InventoryServer][1]",true,"UnityEngine.Transform;Unity.Netcode.NetworkObject;ProjectC.Items.Network.InventoryServer","",
"Assets/_Project/Scenes/BootstrapScene.unity","Inventory[1]/[ShipKeyServer][2]",true,"UnityEngine.Transform;Unity.Netcode.NetworkObject;MISSING_SCRIPT","",
"Assets/_Project/Scenes/BootstrapScene.unity","[CharacterWindow][2]",true,"UnityEngine.Transform;UnityEngine.UIElements.UIDocument;ProjectC.UI.Client.CharacterWindow","",
"Assets/_Project/Scenes/BootstrapScene.unity","NetworkManager[3]",true,"UnityEngine.Transform;Unity.Netcode.NetworkManager;Unity.Netcode.Transports.UTP.UnityTransport;ProjectC.Core.NetworkManagerController;ProjectC.Localization.LocalizationBootstrap","",
"Assets/_Project/Scenes/BootstrapScene.unity","Markets[4]/[MarketServer][0]",true,"UnityEngine.Transform;Unity.Netcode.NetworkObject;ProjectC.Trade.Network.MarketServer;ProjectC.Trade.Network.MarketTimeService","",
"Assets/_Project/Scenes/BootstrapScene.unity","Markets[4]/[MarketClientState][1]",true,"UnityEngine.Transform;ProjectC.Trade.Client.MarketClientState","",
"Assets/_Project/Scenes/BootstrapScene.unity","Markets[4]/[MarketWindow][2]",true,"UnityEngine.Transform;UnityEngine.UIElements.UIDocument;ProjectC.Trade.Client.MarketWindow","",
"Assets/_Project/Scenes/BootstrapScene.unity","Contracts[5]/[ContractServer][0]",true,"UnityEngine.Transform;Unity.Netcode.NetworkObject;ProjectC.Trade.Network.ContractServer","",
"Assets/_Project/Scenes/BootstrapScene.unity","Clouds[6]/LocalDensityBuffer[0]",true,"UnityEngine.Transform;ProjectC.World.Clouds.LocalDensityBuffer","",
"Assets/_Project/Scenes/BootstrapScene.unity","Clouds[6]/StormDirector[1]",true,"UnityEngine.Transform;ProjectC.World.Clouds.StormCellDirector;ProjectC.World.Clouds.StormLightningVfx;UnityEngine.VFX.VisualEffect;UnityEngine.VFX.VFXRenderer","",
"Assets/_Project/Scenes/BootstrapScene.unity","ScenePlacedObjectSpawner[7]",true,"UnityEngine.Transform;ProjectC.World.Scene.ScenePlacedObjectSpawner","",
"Assets/_Project/Scenes/BootstrapScene.unity","PlayerSpawner[8]",false,"UnityEngine.Transform;Unity.Netcode.NetworkObject;Unity.Netcode.Components.NetworkTransform;ProjectC.Player.NetworkPlayer;UnityEngine.CharacterController;ProjectC.Player.PlayerInputReader;ProjectC.Player.CharacterEquipmentVisualApplier;ProjectC.Player.CharacterCustomisationApplier;ProjectC.Player.PlayerRespawnTracker;ProjectC.Rendering.EdgeDetectionTarget;ProjectC.Network.NetworkPlayerSpawner","authority=Owner;local=False;interpolate=True;half=False",
"Assets/_Project/Scenes/BootstrapScene.unity","PlayerSpawner[8]/Visual_Model[0]/Body[0]/HumanM_BodyMesh[0]",true,"UnityEngine.Transform;UnityEngine.SkinnedMeshRenderer","",1.8182574510574341
"Assets/_Project/Scenes/BootstrapScene.unity","Runtime[9]",true,"UnityEngine.Transform;ProjectC.World.Scene.ClientSceneLoader","",
"Assets/_Project/Scenes/BootstrapScene.unity","MainCamera[10]",true,"UnityEngine.Transform;UnityEngine.Camera;UnityEngine.AudioListener;UnityEngine.Rendering.Universal.UniversalAdditionalCameraData","",
"Assets/_Project/Scenes/BootstrapScene.unity","AltitudeCorridorSystem[11]",true,"UnityEngine.Transform;ProjectC.Ship.AltitudeCorridorSystem","",
"Assets/_Project/Scenes/BootstrapScene.unity","WindManager[13]",true,"UnityEngine.Transform;ProjectC.Core.WindManager","",
"Assets/_Project/Scenes/BootstrapScene.unity","CloudManager[14]",false,"UnityEngine.Transform;ProjectC.Core.CloudManager;ProjectC.World.Clouds.VeilRaymarchMeshController;Unity.Netcode.NetworkObject","",
"Assets/_Project/Scenes/BootstrapScene.unity","CloudManager[14]/NearCloudRenderer_Upper[0]",true,"UnityEngine.Transform;ProjectC.Core.NearCloudRenderer","",
"Assets/_Project/Scenes/BootstrapScene.unity","CloudManager[14]/NearCloudRenderer_Middle[1]",true,"UnityEngine.Transform;ProjectC.Core.NearCloudRenderer","",
"Assets/_Project/Scenes/BootstrapScene.unity","CloudManager[14]/NearCloudRenderer_Lower[2]",true,"UnityEngine.Transform;ProjectC.Core.NearCloudRenderer","",
"Assets/_Project/Scenes/BootstrapScene.unity","CloudManager[14]/DistantCloudManager[3]",true,"UnityEngine.Transform;ProjectC.Core.DistantCloudManager","",
"Assets/_Project/Scenes/BootstrapScene.unity","CloudManager[14]/AdditionalVeilManager[4]",true,"UnityEngine.Transform;ProjectC.World.Clouds.AdditionalVeilModule","",
"Assets/_Project/Scenes/BootstrapScene.unity","CloudManager[14]/StormCloudGenerator[5]",true,"UnityEngine.Transform;ProjectC.Core.StormCloudGenerator;ProjectC.Core.ServerStormManager","",
"Assets/_Project/Scenes/BootstrapScene.unity","ServerWeatherController[16]",true,"UnityEngine.Transform;Unity.Netcode.NetworkObject;ProjectC.Core.ServerWeatherController","",
"Assets/_Project/Scenes/BootstrapScene.unity","DayNightController[17]",true,"UnityEngine.Transform;ProjectC.Core.DayNightController;UnityEngine.Rendering.Volume;ProjectC.Core.AdditionalLightIntensityController","",
"Assets/_Project/Scenes/BootstrapScene.unity","Moon[18]",true,"UnityEngine.Transform;UnityEngine.MeshFilter;UnityEngine.MeshRenderer;UnityEngine.SphereCollider;ProjectC.Core.MoonController;UnityEngine.Light;UnityEngine.Rendering.Universal.UniversalAdditionalLightData","",0.5
"Assets/_Project/Scenes/BootstrapScene.unity","TestObjects[19]/TestCube_Visible[0]",true,"UnityEngine.Transform;UnityEngine.MeshFilter;UnityEngine.BoxCollider;UnityEngine.MeshRenderer","",0.5
"Assets/_Project/Scenes/BootstrapScene.unity","TestObjects[19]/TestSphere_Visible[1]",true,"UnityEngine.Transform;UnityEngine.MeshFilter;UnityEngine.SphereCollider;UnityEngine.MeshRenderer","",0.5
"Assets/_Project/Scenes/BootstrapScene.unity","TestObjects[19]/TestSphere_RootLevel[2]",true,"UnityEngine.Transform;UnityEngine.MeshFilter;UnityEngine.SphereCollider;UnityEngine.MeshRenderer","",0.5
"Assets/_Project/Scenes/BootstrapScene.unity","TestObjects[19]/TestSphere_PlayerPos[3]",true,"UnityEngine.Transform;UnityEngine.MeshFilter;UnityEngine.SphereCollider;UnityEngine.MeshRenderer","",0.5
"Assets/_Project/Scenes/BootstrapScene.unity","TestObjects[19]/ShaderTest_Clouds[4]/Test_Ghibli_Rim[0]",true,"UnityEngine.Transform;UnityEngine.MeshFilter;UnityEngine.SphereCollider;UnityEngine.MeshRenderer","",0.5
"Assets/_Project/Scenes/BootstrapScene.unity","TestObjects[19]/ShaderTest_Clouds[4]/Test_Ghibli_Gradient[1]",true,"UnityEngine.Transform;UnityEngine.MeshFilter;UnityEngine.SphereCollider;UnityEngine.MeshRenderer","",0.5
"Assets/_Project/Scenes/BootstrapScene.unity","TestObjects[19]/ShaderTest_Clouds[4]/Test_VeilRaymarch[2]",true,"UnityEngine.Transform;UnityEngine.MeshFilter;UnityEngine.MeshCollider;UnityEngine.MeshRenderer","",5
"Assets/_Project/Scenes/BootstrapScene.unity","TestObjects[19]/ShaderTest_Clouds[4]/Test_Outline_Comparison[3]",true,"UnityEngine.Transform;UnityEngine.MeshFilter;UnityEngine.SphereCollider;UnityEngine.MeshRenderer","",0.5
"Assets/_Project/Scenes/BootstrapScene.unity","TestObjects[19]/NetworkTestCanvas[5]",true,"UnityEngine.RectTransform;UnityEngine.Canvas;UnityEngine.UI.CanvasScaler;UnityEngine.UI.GraphicRaycaster;ProjectC.UI.NetworkTestMenu","",
"Assets/_Project/Scenes/BootstrapScene.unity","ConstellationController[20]",true,"UnityEngine.Transform;ProjectC.Core.ConstellationController","",
"Assets/_Project/Scenes/BootstrapScene.unity","ConstellationController[20]/SkyDome_Stars[0]",true,"UnityEngine.Transform;UnityEngine.MeshFilter;UnityEngine.MeshRenderer","",240094.046875
"Assets/_Project/Scenes/BootstrapScene.unity","ConstellationController[20]/SkyDome_Stars[0]/Orion_Line[0]",true,"UnityEngine.Transform;UnityEngine.LineRenderer","",
"Assets/_Project/Scenes/BootstrapScene.unity","ConstellationController[20]/SkyDome_Stars[0]/Orion_Line[1]",true,"UnityEngine.Transform;UnityEngine.LineRenderer","",
"Assets/_Project/Scenes/BootstrapScene.unity","ConstellationController[20]/SkyDome_Stars[0]/Orion_Line[2]",true,"UnityEngine.Transform;UnityEngine.LineRenderer","",
"Assets/_Project/Scenes/BootstrapScene.unity","ConstellationController[20]/SkyDome_Stars[0]/Orion_Line[3]",true,"UnityEngine.Transform;UnityEngine.LineRenderer","",
"Assets/_Project/Scenes/BootstrapScene.unity","ConstellationController[20]/SkyDome_Stars[0]/Orion_Line[4]",true,"UnityEngine.Transform;UnityEngine.LineRenderer","",
"Assets/_Project/Scenes/BootstrapScene.unity","ConstellationController[20]/SkyDome_Stars[0]/Orion_Line[5]",true,"UnityEngine.Transform;UnityEngine.LineRenderer","",
"Assets/_Project/Scenes/BootstrapScene.unity","ConstellationController[20]/SkyDome_Stars[0]/Orion_Line[6]",true,"UnityEngine.Transform;UnityEngine.LineRenderer","",
"Assets/_Project/Scenes/BootstrapScene.unity","ConstellationController[20]/SkyDome_Stars[0]/Orion_Line[7]",true,"UnityEngine.Transform;UnityEngine.LineRenderer","",
"Assets/_Project/Scenes/BootstrapScene.unity","ConstellationController[20]/SkyDome_Stars[0]/Orion_Line[8]",true,"UnityEngine.Transform;UnityEngine.LineRenderer","",
"Assets/_Project/Scenes/BootstrapScene.unity","ConstellationController[20]/SkyDome_Stars[1]",true,"UnityEngine.Transform;UnityEngine.MeshFilter;UnityEngine.MeshRenderer","",240094.046875
"Assets/_Project/Scenes/BootstrapScene.unity","ConstellationController[20]/SkyDome_Stars[1]/Orion_Line[0]",true,"UnityEngine.Transform;UnityEngine.LineRenderer","",
"Assets/_Project/Scenes/BootstrapScene.unity","ConstellationController[20]/SkyDome_Stars[1]/Orion_Line[1]",true,"UnityEngine.Transform;UnityEngine.LineRenderer","",
"Assets/_Project/Scenes/BootstrapScene.unity","ConstellationController[20]/SkyDome_Stars[1]/Orion_Line[2]",true,"UnityEngine.Transform;UnityEngine.LineRenderer","",
"Assets/_Project/Scenes/BootstrapScene.unity","ConstellationController[20]/SkyDome_Stars[1]/Orion_Line[3]",true,"UnityEngine.Transform;UnityEngine.LineRenderer","",
"Assets/_Project/Scenes/BootstrapScene.unity","ConstellationController[20]/SkyDome_Stars[1]/Orion_Line[4]",true,"UnityEngine.Transform;UnityEngine.LineRenderer","",
"Assets/_Project/Scenes/BootstrapScene.unity","ConstellationController[20]/SkyDome_Stars[1]/Orion_Line[5]",true,"UnityEngine.Transform;UnityEngine.LineRenderer","",
"Assets/_Project/Scenes/BootstrapScene.unity","ConstellationController[20]/SkyDome_Stars[1]/Orion_Line[6]",true,"UnityEngine.Transform;UnityEngine.LineRenderer","",
"Assets/_Project/Scenes/BootstrapScene.unity","ConstellationController[20]/SkyDome_Stars[1]/Orion_Line[7]",true,"UnityEngine.Transform;UnityEngine.LineRenderer","",
"Assets/_Project/Scenes/BootstrapScene.unity","ConstellationController[20]/SkyDome_Stars[1]/Orion_Line[8]",true,"UnityEngine.Transform;UnityEngine.LineRenderer","",
"Assets/_Project/Scenes/BootstrapScene.unity","ConstellationController[20]/SkyDome_Stars[2]",true,"UnityEngine.Transform;UnityEngine.MeshFilter;UnityEngine.MeshRenderer","",240094.046875
"Assets/_Project/Scenes/BootstrapScene.unity","ConstellationController[20]/SkyDome_Stars[2]/Orion_Line[0]",true,"UnityEngine.Transform;UnityEngine.LineRenderer","",
"Assets/_Project/Scenes/BootstrapScene.unity","ConstellationController[20]/SkyDome_Stars[2]/Orion_Line[1]",true,"UnityEngine.Transform;UnityEngine.LineRenderer","",
"Assets/_Project/Scenes/BootstrapScene.unity","ConstellationController[20]/SkyDome_Stars[2]/Orion_Line[2]",true,"UnityEngine.Transform;UnityEngine.LineRenderer","",
"Assets/_Project/Scenes/BootstrapScene.unity","ConstellationController[20]/SkyDome_Stars[2]/Orion_Line[3]",true,"UnityEngine.Transform;UnityEngine.LineRenderer","",
"Assets/_Project/Scenes/BootstrapScene.unity","ConstellationController[20]/SkyDome_Stars[2]/Orion_Line[4]",true,"UnityEngine.Transform;UnityEngine.LineRenderer","",
"Assets/_Project/Scenes/BootstrapScene.unity","ConstellationController[20]/SkyDome_Stars[2]/Orion_Line[5]",true,"UnityEngine.Transform;UnityEngine.LineRenderer","",
"Assets/_Project/Scenes/BootstrapScene.unity","ConstellationController[20]/SkyDome_Stars[2]/Orion_Line[6]",true,"UnityEngine.Transform;UnityEngine.LineRenderer","",
"Assets/_Project/Scenes/BootstrapScene.unity","ConstellationController[20]/SkyDome_Stars[2]/Orion_Line[7]",true,"UnityEngine.Transform;UnityEngine.LineRenderer","",
"Assets/_Project/Scenes/BootstrapScene.unity","ConstellationController[20]/SkyDome_Stars[2]/Orion_Line[8]",true,"UnityEngine.Transform;UnityEngine.LineRenderer","",
"Assets/_Project/Scenes/BootstrapScene.unity","ConstellationController[20]/SkyDome_Stars[3]",true,"UnityEngine.Transform;UnityEngine.MeshFilter;UnityEngine.MeshRenderer","",240094.046875
"Assets/_Project/Scenes/BootstrapScene.unity","ConstellationController[20]/SkyDome_Stars[3]/Orion_Line[0]",true,"UnityEngine.Transform;UnityEngine.LineRenderer","",
"Assets/_Project/Scenes/BootstrapScene.unity","ConstellationController[20]/SkyDome_Stars[3]/Orion_Line[1]",true,"UnityEngine.Transform;UnityEngine.LineRenderer","",
"Assets/_Project/Scenes/BootstrapScene.unity","ConstellationController[20]/SkyDome_Stars[3]/Orion_Line[2]",true,"UnityEngine.Transform;UnityEngine.LineRenderer","",
"Assets/_Project/Scenes/BootstrapScene.unity","ConstellationController[20]/SkyDome_Stars[3]/Orion_Line[3]",true,"UnityEngine.Transform;UnityEngine.LineRenderer","",
"Assets/_Project/Scenes/BootstrapScene.unity","ConstellationController[20]/SkyDome_Stars[3]/Orion_Line[4]",true,"UnityEngine.Transform;UnityEngine.LineRenderer","",
"Assets/_Project/Scenes/BootstrapScene.unity","ConstellationController[20]/SkyDome_Stars[3]/Orion_Line[5]",true,"UnityEngine.Transform;UnityEngine.LineRenderer","",
"Assets/_Project/Scenes/BootstrapScene.unity","ConstellationController[20]/SkyDome_Stars[3]/Orion_Line[6]",true,"UnityEngine.Transform;UnityEngine.LineRenderer","",
"Assets/_Project/Scenes/BootstrapScene.unity","ConstellationController[20]/SkyDome_Stars[3]/Orion_Line[7]",true,"UnityEngine.Transform;UnityEngine.LineRenderer","",
"Assets/_Project/Scenes/BootstrapScene.unity","ConstellationController[20]/SkyDome_Stars[3]/Orion_Line[8]",true,"UnityEngine.Transform;UnityEngine.LineRenderer","",
"Assets/_Project/Scenes/BootstrapScene.unity","ConstellationController[20]/SkyDome_Stars[4]",true,"UnityEngine.Transform;UnityEngine.MeshFilter;UnityEngine.MeshRenderer","",240094.046875
"Assets/_Project/Scenes/BootstrapScene.unity","ConstellationController[20]/SkyDome_Stars[4]/Orion_Line[0]",true,"UnityEngine.Transform;UnityEngine.LineRenderer","",
"Assets/_Project/Scenes/BootstrapScene.unity","ConstellationController[20]/SkyDome_Stars[4]/Orion_Line[1]",true,"UnityEngine.Transform;UnityEngine.LineRenderer","",
"Assets/_Project/Scenes/BootstrapScene.unity","ConstellationController[20]/SkyDome_Stars[4]/Orion_Line[2]",true,"UnityEngine.Transform;UnityEngine.LineRenderer","",
"Assets/_Project/Scenes/BootstrapScene.unity","ConstellationController[20]/SkyDome_Stars[4]/Orion_Line[3]",true,"UnityEngine.Transform;UnityEngine.LineRenderer","",
"Assets/_Project/Scenes/BootstrapScene.unity","ConstellationController[20]/SkyDome_Stars[4]/Orion_Line[4]",true,"UnityEngine.Transform;UnityEngine.LineRenderer","",
"Assets/_Project/Scenes/BootstrapScene.unity","ConstellationController[20]/SkyDome_Stars[4]/Orion_Line[5]",true,"UnityEngine.Transform;UnityEngine.LineRenderer","",
"Assets/_Project/Scenes/BootstrapScene.unity","ConstellationController[20]/SkyDome_Stars[4]/Orion_Line[6]",true,"UnityEngine.Transform;UnityEngine.LineRenderer","",
"Assets/_Project/Scenes/BootstrapScene.unity","ConstellationController[20]/SkyDome_Stars[4]/Orion_Line[7]",true,"UnityEngine.Transform;UnityEngine.LineRenderer","",
"Assets/_Project/Scenes/BootstrapScene.unity","ConstellationController[20]/SkyDome_Stars[4]/Orion_Line[8]",true,"UnityEngine.Transform;UnityEngine.LineRenderer","",
"Assets/_Project/Scenes/BootstrapScene.unity","ConstellationController[20]/SkyDome_Stars[5]",true,"UnityEngine.Transform;UnityEngine.MeshFilter;UnityEngine.MeshRenderer","",240094.046875
"Assets/_Project/Scenes/BootstrapScene.unity","ConstellationController[20]/SkyDome_Stars[5]/Orion_Line[0]",true,"UnityEngine.Transform;UnityEngine.LineRenderer","",
"Assets/_Project/Scenes/BootstrapScene.unity","ConstellationController[20]/SkyDome_Stars[5]/Orion_Line[1]",true,"UnityEngine.Transform;UnityEngine.LineRenderer","",
"Assets/_Project/Scenes/BootstrapScene.unity","ConstellationController[20]/SkyDome_Stars[5]/Orion_Line[2]",true,"UnityEngine.Transform;UnityEngine.LineRenderer","",
"Assets/_Project/Scenes/BootstrapScene.unity","ConstellationController[20]/SkyDome_Stars[5]/Orion_Line[3]",true,"UnityEngine.Transform;UnityEngine.LineRenderer","",
"Assets/_Project/Scenes/BootstrapScene.unity","ConstellationController[20]/SkyDome_Stars[5]/Orion_Line[4]",true,"UnityEngine.Transform;UnityEngine.LineRenderer","",
"Assets/_Project/Scenes/BootstrapScene.unity","ConstellationController[20]/SkyDome_Stars[5]/Orion_Line[5]",true,"UnityEngine.Transform;UnityEngine.LineRenderer","",
"Assets/_Project/Scenes/BootstrapScene.unity","ConstellationController[20]/SkyDome_Stars[5]/Orion_Line[6]",true,"UnityEngine.Transform;UnityEngine.LineRenderer","",
"Assets/_Project/Scenes/BootstrapScene.unity","ConstellationController[20]/SkyDome_Stars[5]/Orion_Line[7]",true,"UnityEngine.Transform;UnityEngine.LineRenderer","",
"Assets/_Project/Scenes/BootstrapScene.unity","ConstellationController[20]/SkyDome_Stars[5]/Orion_Line[8]",true,"UnityEngine.Transform;UnityEngine.LineRenderer","",
"Assets/_Project/Scenes/BootstrapScene.unity","ConstellationController[20]/SkyDome_Stars[6]",true,"UnityEngine.Transform;UnityEngine.MeshFilter;UnityEngine.MeshRenderer","",240094.046875
"Assets/_Project/Scenes/BootstrapScene.unity","ConstellationController[20]/SkyDome_Stars[6]/Orion_Line[0]",true,"UnityEngine.Transform;UnityEngine.LineRenderer","",
"Assets/_Project/Scenes/BootstrapScene.unity","ConstellationController[20]/SkyDome_Stars[6]/Orion_Line[1]",true,"UnityEngine.Transform;UnityEngine.LineRenderer","",
"Assets/_Project/Scenes/BootstrapScene.unity","ConstellationController[20]/SkyDome_Stars[6]/Orion_Line[2]",true,"UnityEngine.Transform;UnityEngine.LineRenderer","",
"Assets/_Project/Scenes/BootstrapScene.unity","ConstellationController[20]/SkyDome_Stars[6]/Orion_Line[3]",true,"UnityEngine.Transform;UnityEngine.LineRenderer","",
"Assets/_Project/Scenes/BootstrapScene.unity","ConstellationController[20]/SkyDome_Stars[6]/Orion_Line[4]",true,"UnityEngine.Transform;UnityEngine.LineRenderer","",
"Assets/_Project/Scenes/BootstrapScene.unity","ConstellationController[20]/SkyDome_Stars[6]/Orion_Line[5]",true,"UnityEngine.Transform;UnityEngine.LineRenderer","",
"Assets/_Project/Scenes/BootstrapScene.unity","ConstellationController[20]/SkyDome_Stars[6]/Orion_Line[6]",true,"UnityEngine.Transform;UnityEngine.LineRenderer","",
"Assets/_Project/Scenes/BootstrapScene.unity","ConstellationController[20]/SkyDome_Stars[6]/Orion_Line[7]",true,"UnityEngine.Transform;UnityEngine.LineRenderer","",
"Assets/_Project/Scenes/BootstrapScene.unity","ConstellationController[20]/SkyDome_Stars[6]/Orion_Line[8]",true,"UnityEngine.Transform;UnityEngine.LineRenderer","",
"Assets/_Project/Scenes/BootstrapScene.unity","ConstellationController[20]/SkyDome_Stars[7]",true,"UnityEngine.Transform;UnityEngine.MeshFilter;UnityEngine.MeshRenderer","",240094.046875
"Assets/_Project/Scenes/BootstrapScene.unity","ConstellationController[20]/SkyDome_Stars[7]/Orion_Line[0]",true,"UnityEngine.Transform;UnityEngine.LineRenderer","",
"Assets/_Project/Scenes/BootstrapScene.unity","ConstellationController[20]/SkyDome_Stars[7]/Orion_Line[1]",true,"UnityEngine.Transform;UnityEngine.LineRenderer","",
"Assets/_Project/Scenes/BootstrapScene.unity","ConstellationController[20]/SkyDome_Stars[7]/Orion_Line[2]",true,"UnityEngine.Transform;UnityEngine.LineRenderer","",
"Assets/_Project/Scenes/BootstrapScene.unity","ConstellationController[20]/SkyDome_Stars[7]/Orion_Line[3]",true,"UnityEngine.Transform;UnityEngine.LineRenderer","",
"Assets/_Project/Scenes/BootstrapScene.unity","ConstellationController[20]/SkyDome_Stars[7]/Orion_Line[4]",true,"UnityEngine.Transform;UnityEngine.LineRenderer","",
"Assets/_Project/Scenes/BootstrapScene.unity","ConstellationController[20]/SkyDome_Stars[7]/Orion_Line[5]",true,"UnityEngine.Transform;UnityEngine.LineRenderer","",
"Assets/_Project/Scenes/BootstrapScene.unity","ConstellationController[20]/SkyDome_Stars[7]/Orion_Line[6]",true,"UnityEngine.Transform;UnityEngine.LineRenderer","",
"Assets/_Project/Scenes/BootstrapScene.unity","ConstellationController[20]/SkyDome_Stars[7]/Orion_Line[7]",true,"UnityEngine.Transform;UnityEngine.LineRenderer","",
"Assets/_Project/Scenes/BootstrapScene.unity","ConstellationController[20]/SkyDome_Stars[7]/Orion_Line[8]",true,"UnityEngine.Transform;UnityEngine.LineRenderer","",
"Assets/_Project/Scenes/BootstrapScene.unity","ConstellationController[20]/SkyDome_Stars[8]",true,"UnityEngine.Transform;UnityEngine.MeshFilter;UnityEngine.MeshRenderer","",240094.046875
"Assets/_Project/Scenes/BootstrapScene.unity","ConstellationController[20]/SkyDome_Stars[8]/Orion_Line[0]",true,"UnityEngine.Transform;UnityEngine.LineRenderer","",
"Assets/_Project/Scenes/BootstrapScene.unity","ConstellationController[20]/SkyDome_Stars[8]/Orion_Line[1]",true,"UnityEngine.Transform;UnityEngine.LineRenderer","",
"Assets/_Project/Scenes/BootstrapScene.unity","ConstellationController[20]/SkyDome_Stars[8]/Orion_Line[2]",true,"UnityEngine.Transform;UnityEngine.LineRenderer","",
"Assets/_Project/Scenes/BootstrapScene.unity","ConstellationController[20]/SkyDome_Stars[8]/Orion_Line[3]",true,"UnityEngine.Transform;UnityEngine.LineRenderer","",
"Assets/_Project/Scenes/BootstrapScene.unity","ConstellationController[20]/SkyDome_Stars[8]/Orion_Line[4]",true,"UnityEngine.Transform;UnityEngine.LineRenderer","",
"Assets/_Project/Scenes/BootstrapScene.unity","ConstellationController[20]/SkyDome_Stars[8]/Orion_Line[5]",true,"UnityEngine.Transform;UnityEngine.LineRenderer","",
"Assets/_Project/Scenes/BootstrapScene.unity","ConstellationController[20]/SkyDome_Stars[8]/Orion_Line[6]",true,"UnityEngine.Transform;UnityEngine.LineRenderer","",
"Assets/_Project/Scenes/BootstrapScene.unity","ConstellationController[20]/SkyDome_Stars[8]/Orion_Line[7]",true,"UnityEngine.Transform;UnityEngine.LineRenderer","",
"Assets/_Project/Scenes/BootstrapScene.unity","ConstellationController[20]/SkyDome_Stars[8]/Orion_Line[8]",true,"UnityEngine.Transform;UnityEngine.LineRenderer","",
"Assets/_Project/Scenes/BootstrapScene.unity","ConstellationController[20]/SkyDome_Stars[9]",true,"UnityEngine.Transform;UnityEngine.MeshFilter;UnityEngine.MeshRenderer","",240094.046875
"Assets/_Project/Scenes/BootstrapScene.unity","ConstellationController[20]/SkyDome_Stars[9]/Orion_Line[0]",true,"UnityEngine.Transform;UnityEngine.LineRenderer","",
"Assets/_Project/Scenes/BootstrapScene.unity","ConstellationController[20]/SkyDome_Stars[9]/Orion_Line[1]",true,"UnityEngine.Transform;UnityEngine.LineRenderer","",
"Assets/_Project/Scenes/BootstrapScene.unity","ConstellationController[20]/SkyDome_Stars[9]/Orion_Line[2]",true,"UnityEngine.Transform;UnityEngine.LineRenderer","",
"Assets/_Project/Scenes/BootstrapScene.unity","ConstellationController[20]/SkyDome_Stars[9]/Orion_Line[3]",true,"UnityEngine.Transform;UnityEngine.LineRenderer","",
"Assets/_Project/Scenes/BootstrapScene.unity","ConstellationController[20]/SkyDome_Stars[9]/Orion_Line[4]",true,"UnityEngine.Transform;UnityEngine.LineRenderer","",
"Assets/_Project/Scenes/BootstrapScene.unity","ConstellationController[20]/SkyDome_Stars[9]/Orion_Line[5]",true,"UnityEngine.Transform;UnityEngine.LineRenderer","",
"Assets/_Project/Scenes/BootstrapScene.unity","ConstellationController[20]/SkyDome_Stars[9]/Orion_Line[6]",true,"UnityEngine.Transform;UnityEngine.LineRenderer","",
"Assets/_Project/Scenes/BootstrapScene.unity","ConstellationController[20]/SkyDome_Stars[9]/Orion_Line[7]",true,"UnityEngine.Transform;UnityEngine.LineRenderer","",
"Assets/_Project/Scenes/BootstrapScene.unity","ConstellationController[20]/SkyDome_Stars[9]/Orion_Line[8]",true,"UnityEngine.Transform;UnityEngine.LineRenderer","",
"Assets/_Project/Scenes/BootstrapScene.unity","ConstellationController[20]/SkyDome_Stars[10]",true,"UnityEngine.Transform;UnityEngine.MeshFilter;UnityEngine.MeshRenderer","",240094.046875
"Assets/_Project/Scenes/BootstrapScene.unity","ConstellationController[20]/SkyDome_Stars[10]/Orion_Line[0]",true,"UnityEngine.Transform;UnityEngine.LineRenderer","",
"Assets/_Project/Scenes/BootstrapScene.unity","ConstellationController[20]/SkyDome_Stars[10]/Orion_Line[1]",true,"UnityEngine.Transform;UnityEngine.LineRenderer","",
"Assets/_Project/Scenes/BootstrapScene.unity","ConstellationController[20]/SkyDome_Stars[10]/Orion_Line[2]",true,"UnityEngine.Transform;UnityEngine.LineRenderer","",
"Assets/_Project/Scenes/BootstrapScene.unity","ConstellationController[20]/SkyDome_Stars[10]/Orion_Line[3]",true,"UnityEngine.Transform;UnityEngine.LineRenderer","",
"Assets/_Project/Scenes/BootstrapScene.unity","ConstellationController[20]/SkyDome_Stars[10]/Orion_Line[4]",true,"UnityEngine.Transform;UnityEngine.LineRenderer","",
"Assets/_Project/Scenes/BootstrapScene.unity","ConstellationController[20]/SkyDome_Stars[10]/Orion_Line[5]",true,"UnityEngine.Transform;UnityEngine.LineRenderer","",
"Assets/_Project/Scenes/BootstrapScene.unity","ConstellationController[20]/SkyDome_Stars[10]/Orion_Line[6]",true,"UnityEngine.Transform;UnityEngine.LineRenderer","",
"Assets/_Project/Scenes/BootstrapScene.unity","ConstellationController[20]/SkyDome_Stars[10]/Orion_Line[7]",true,"UnityEngine.Transform;UnityEngine.LineRenderer","",
"Assets/_Project/Scenes/BootstrapScene.unity","ConstellationController[20]/SkyDome_Stars[10]/Orion_Line[8]",true,"UnityEngine.Transform;UnityEngine.LineRenderer","",
"Assets/_Project/Scenes/BootstrapScene.unity","ConstellationController[20]/SkyDome_Stars[11]",true,"UnityEngine.Transform;UnityEngine.MeshFilter;UnityEngine.MeshRenderer","",240094.046875
"Assets/_Project/Scenes/BootstrapScene.unity","ConstellationController[20]/SkyDome_Stars[11]/Orion_Line[0]",true,"UnityEngine.Transform;UnityEngine.LineRenderer","",
"Assets/_Project/Scenes/BootstrapScene.unity","ConstellationController[20]/SkyDome_Stars[11]/Orion_Line[1]",true,"UnityEngine.Transform;UnityEngine.LineRenderer","",
"Assets/_Project/Scenes/BootstrapScene.unity","ConstellationController[20]/SkyDome_Stars[11]/Orion_Line[2]",true,"UnityEngine.Transform;UnityEngine.LineRenderer","",
"Assets/_Project/Scenes/BootstrapScene.unity","ConstellationController[20]/SkyDome_Stars[11]/Orion_Line[3]",true,"UnityEngine.Transform;UnityEngine.LineRenderer","",
"Assets/_Project/Scenes/BootstrapScene.unity","ConstellationController[20]/SkyDome_Stars[11]/Orion_Line[4]",true,"UnityEngine.Transform;UnityEngine.LineRenderer","",
"Assets/_Project/Scenes/BootstrapScene.unity","ConstellationController[20]/SkyDome_Stars[11]/Orion_Line[5]",true,"UnityEngine.Transform;UnityEngine.LineRenderer","",
"Assets/_Project/Scenes/BootstrapScene.unity","ConstellationController[20]/SkyDome_Stars[11]/Orion_Line[6]",true,"UnityEngine.Transform;UnityEngine.LineRenderer","",
"Assets/_Project/Scenes/BootstrapScene.unity","ConstellationController[20]/SkyDome_Stars[11]/Orion_Line[7]",true,"UnityEngine.Transform;UnityEngine.LineRenderer","",
"Assets/_Project/Scenes/BootstrapScene.unity","ConstellationController[20]/SkyDome_Stars[11]/Orion_Line[8]",true,"UnityEngine.Transform;UnityEngine.LineRenderer","",
"Assets/_Project/Scenes/BootstrapScene.unity","DEBUG_UI_MANAGER[21]",true,"UnityEngine.Transform;ProjectC.UI.SceneDebugHUD;ProjectC.UI.HUDManager","",
"Assets/_Project/Scenes/BootstrapScene.unity","DEBUG_UI_MANAGER[21]/HUDdebug[0]",false,"UnityEngine.Transform;ProjectC.UI.SceneDebugHUD","",
"Assets/_Project/Scenes/BootstrapScene.unity","Toasts_and_meta[22]/[ShipKeyToast][0]",true,"UnityEngine.Transform;UnityEngine.UIElements.UIDocument;MISSING_SCRIPT","",
"Assets/_Project/Scenes/BootstrapScene.unity","Toasts_and_meta[22]/[MetaRequirementRegistry][1]",true,"UnityEngine.Transform;Unity.Netcode.NetworkObject;ProjectC.MetaRequirement.MetaRequirementRegistry","",
"Assets/_Project/Scenes/BootstrapScene.unity","Toasts_and_meta[22]/[MetaRequirementToast][2]",true,"UnityEngine.Transform;UnityEngine.UIElements.UIDocument;ProjectC.MetaRequirement.MetaRequirementToast","",
"Assets/_Project/Scenes/BootstrapScene.unity","Toasts_and_meta[22]/[ShipOwnershipRegistry][3]",true,"UnityEngine.Transform;MISSING_SCRIPT","",
"Assets/_Project/Scenes/BootstrapScene.unity","[QuestServer][23]",true,"UnityEngine.Transform;Unity.Netcode.NetworkObject;ProjectC.Quests.QuestServer","",
"Assets/_Project/Scenes/BootstrapScene.unity","[QuestClientState][24]",true,"UnityEngine.Transform;ProjectC.Quests.Client.QuestClientState;ProjectC.Quests.UI.DialogWindow;UnityEngine.UIElements.UIDocument","",
"Assets/_Project/Scenes/BootstrapScene.unity","[QuestTracker][25]",true,"UnityEngine.Transform;UnityEngine.UIElements.UIDocument;ProjectC.Quests.UI.QuestTracker","",
"Assets/_Project/Scenes/BootstrapScene.unity","[ReputationClientState][26]",true,"UnityEngine.Transform;ProjectC.Reputation.ReputationClientState","",
"Assets/_Project/Scenes/BootstrapScene.unity","[NpcAttitudeClientState][27]",true,"UnityEngine.Transform;ProjectC.Reputation.NpcAttitudeClientState","",
"Assets/_Project/Scenes/BootstrapScene.unity","[QuestToast][28]",true,"UnityEngine.Transform;UnityEngine.UIElements.UIDocument;ProjectC.Quests.UI.QuestToast","",
"Assets/_Project/Scenes/BootstrapScene.unity","[GatheringServer][29]",true,"UnityEngine.Transform;Unity.Netcode.NetworkObject;ProjectC.ResourceNode.GatheringServer","",
"Assets/_Project/Scenes/BootstrapScene.unity","[GatheringToast][30]",true,"UnityEngine.Transform;UnityEngine.UIElements.UIDocument;ProjectC.ResourceNode.GatheringToastController","",
"Assets/_Project/Scenes/BootstrapScene.unity","[CraftingServer][31]",true,"UnityEngine.Transform;Unity.Netcode.NetworkObject;ProjectC.Crafting.CraftingServer","",
"Assets/_Project/Scenes/BootstrapScene.unity","[CraftingTimeService][32]",true,"UnityEngine.Transform;ProjectC.Crafting.CraftingTimeService","",
"Assets/_Project/Scenes/BootstrapScene.unity","[CraftingProgressController][33]",true,"UnityEngine.Transform;UnityEngine.UIElements.UIDocument;ProjectC.Crafting.CraftingProgressController","",
"Assets/_Project/Scenes/BootstrapScene.unity","[CraftingWindow][34]",true,"UnityEngine.Transform;UnityEngine.UIElements.UIDocument;ProjectC.Crafting.UI.CraftingWindow","",
"Assets/_Project/Scenes/BootstrapScene.unity","[ExchangeServer][35]",true,"UnityEngine.Transform;Unity.Netcode.NetworkObject;ProjectC.Trade.Network.ExchangeServer","",
"Assets/_Project/Scenes/BootstrapScene.unity","[ShipCargoServer][36]",true,"UnityEngine.Transform;Unity.Netcode.NetworkObject;ProjectC.Trade.Network.ShipCargoServer","",
"Assets/_Project/Scenes/BootstrapScene.unity","[StatsServer][37]",true,"UnityEngine.Transform;Unity.Netcode.NetworkObject;ProjectC.Stats.StatsServer","",
"Assets/_Project/Scenes/BootstrapScene.unity","[EquipmentServer][38]",true,"UnityEngine.Transform;Unity.Netcode.NetworkObject;ProjectC.Equipment.EquipmentServer","",
"Assets/_Project/Scenes/BootstrapScene.unity","[SkillsServer][39]",true,"UnityEngine.Transform;Unity.Netcode.NetworkObject;ProjectC.Skills.SkillsServer","",
"Assets/_Project/Scenes/BootstrapScene.unity","[ShipHudPanel][40]",true,"UnityEngine.Transform;UnityEngine.UIElements.UIDocument;ProjectC.Ship.UI.ShipHudController","",
"Assets/_Project/Scenes/BootstrapScene.unity","[DockingServer][41]",true,"UnityEngine.Transform;Unity.Netcode.NetworkObject;ProjectC.Docking.Network.DockingServer","",
"Assets/_Project/Scenes/BootstrapScene.unity","[CommPanelWindow][42]",true,"UnityEngine.Transform;UnityEngine.UIElements.UIDocument;ProjectC.Docking.UI.CommPanelWindow","",
"Assets/_Project/Scenes/BootstrapScene.unity","[NpcShipServer][43]",true,"UnityEngine.Transform;Unity.Netcode.NetworkObject;ProjectC.PeacefulShip.Network.NpcShipServer","",
"Assets/_Project/Scenes/BootstrapScene.unity","[CombatServer][44]",true,"UnityEngine.Transform;Unity.Netcode.NetworkObject;ProjectC.Combat.CombatServer","",
"Assets/_Project/Scenes/BootstrapScene.unity","Sphere[45]",true,"UnityEngine.Transform;UnityEngine.MeshFilter;UnityEngine.SphereCollider;UnityEngine.MeshRenderer","",0.5
"Assets/_Project/Scenes/BootstrapScene.unity","Sphere[46]",true,"UnityEngine.Transform;UnityEngine.MeshFilter;UnityEngine.SphereCollider;UnityEngine.MeshRenderer","",0.5
"Assets/_Project/Scenes/BootstrapScene.unity","[CustomisationClientState][47]",true,"UnityEngine.Transform;ProjectC.Customisation.CustomisationClientState","",
"Assets/_Project/Scenes/BootstrapScene.unity","[CustomisationWindow][48]",true,"UnityEngine.Transform;UnityEngine.UIElements.UIDocument;ProjectC.Customisation.UI.CustomisationWindow","",
"Assets/_Project/Scenes/BootstrapScene.unity","[ShipCargoConsoleWindow][49]",true,"UnityEngine.Transform;UnityEngine.UIElements.UIDocument;ProjectC.Trade.Client.ShipCargoConsoleWindow","",
"Assets/_Project/Scenes/BootstrapScene.unity","[RepairManagerWindow][50]",true,"UnityEngine.Transform;UnityEngine.UIElements.UIDocument;ProjectC.Ship.UI.RepairManagerWindow","",
"Assets/_Project/Scenes/BootstrapScene.unity","RespawnManager[51]",true,"UnityEngine.Transform;ProjectC.World.RespawnManager","",
"Assets/_Project/Scenes/BootstrapScene.unity","[ShipPositionServer][52]",true,"UnityEngine.Transform;ProjectC.Core.ShipPosition.ShipPositionServer","",
"Assets/_Project/Scenes/BootstrapScene.unity","[PlayerPositionServer][53]",true,"UnityEngine.Transform;ProjectC.Core.ShipPosition.PlayerPositionServer","",
"Assets/_Project/Scenes/BootstrapScene.unity","[KnowledgeToast][54]",true,"UnityEngine.Transform;ProjectC.Knowledge.KnowledgeToast;UnityEngine.UIElements.UIDocument","",
"Assets/_Project/Scenes/BootstrapScene.unity","MainMenu[55]",true,"UnityEngine.Transform;UnityEngine.UIElements.UIDocument;ProjectC.UI.MainMenu.MainMenuWindow","",
